DATE,OPEN,HIGH,LOW,CLOSE,VOLUME BTC,VOLUME USDT
6/13/2020,9465.13,9477.18,9362.08,9398,6841.07,64419722.31
6/12/2020,9280.4,9557.12,9232.51,9465.13,50119.07,472007894.4
6/11/2020,9885,9964,9113,9280.4,94418.98,902075648.6
6/10/2020,9772.43,9992.72,9704.18,9885,47130.76,462384305.4
6/9/2020,9782.01,9877,9570,9772.43,46024,447208895.8
6/8/2020,9746.99,9800,9633,9782.01,40664.66,395459395.8
6/7/2020,9666.3,9802,9372.46,9746.99,57952.85,556919603.8
6/6/2020,9621.16,9735,9531.05,9666.3,32752.95,315604867.2
6/5/2020,9789.06,9854.75,9581,9621.16,47788.05,465200788.2
6/4/2020,9666.24,9881.63,9450,9789.06,57456.1,557234945.7
6/3/2020,9518.04,9690,9365.21,9666.24,46252.64,441928818
6/2/2020,10200.77,10228.99,9266,9518.04,108970.77,1070060237
6/1/2020,9448.27,10380,9421.67,10200.77,76649.13,749707596.7
5/31/2020,9697.72,9700,9381.41,9448.27,48333.79,461272298.9
5/30/2020,9427.07,9740,9331.23,9697.72,55665.27,530598690.1
5/29/2020,9575.89,9605.26,9330,9427.07,57374.36,542758086.6
5/28/2020,9204.07,9625.47,9110,9575.89,74110.79,693930106.2
5/27/2020,8841.18,9225,8811.73,9204.07,68910.36,624660855.8
5/26/2020,8900.35,9017.67,8700,8841.18,58299.77,516455128.9
5/25/2020,8720.34,8979.66,8642.72,8900.35,62833.91,553545285.9
5/24/2020,9179.15,9298,8700,8720.34,70379.87,636787240.4
5/23/2020,9170,9307.85,9070,9179.15,43526.3,400407195.6
5/22/2020,9068.65,9271,8933.52,9170,58943.13,537847834.5
5/21/2020,9511.43,9578.47,8815,9068.65,108928.78,1002046266
5/20/2020,9775.53,9842,9326,9511.43,74923.74,721190802.8
5/19/2020,9733.93,9897.21,9474,9775.53,78539.76,760713946
5/18/2020,9680.04,9950,9464.23,9733.93,82006.6,797622297.3
5/17/2020,9381.27,9888,9322.1,9680.04,68647.76,663088800.8
5/16/2020,9316.42,9588,9220,9381.27,59587.63,560547005
5/15/2020,9791.98,9845.62,9150,9316.42,115890.76,1099721376
5/14/2020,9309.37,9939,9256.76,9791.98,129565.38,1247456798
5/13/2020,8810.79,9398,8792.99,9309.37,92466.27,839725720
5/12/2020,8561.52,8978.26,8528.78,8810.79,86522.78,760195457.1
5/11/2020,8722.77,9168,8200,8561.52,168807.25,1468392821
5/10/2020,9539.4,9574.83,8117,8722.77,183865.18,1594996477
5/9/2020,9800.01,9914.25,9520,9539.4,81950.68,795001351.7
5/8/2020,9986.4,10035.96,9705,9800.01,100683.8,997005843.7
5/7/2020,9142.92,10067,9021,9986.4,147154.61,1409783462
5/6/2020,9021.83,9395,8906.21,9142.92,105925.3,972793508.5
5/5/2020,8871.96,9118.58,8760,9021.83,76480.77,683083018.9
5/4/2020,8894.16,8950,8522,8871.96,84418.51,738343818.7
5/3/2020,8972.05,9200,8712,8894.16,90126.07,808427095.9
5/2/2020,8826.96,9010,8753,8972.05,59002.09,523838859.5
5/1/2020,8620,9059.18,8613.56,8826.96,91468.82,805640126.6
4/30/2020,8778.57,9460,8401,8620,206277.21,1839283907
4/29/2020,7738.98,8952.89,7710.05,8778.57,183546.89,1536390177
4/28/2020,7774.62,7780,7659.12,7738.98,46302.75,357391780.9
4/27/2020,7693.1,7792.02,7606,7774.62,65441.34,504025811.7
4/26/2020,7538.67,7700,7480,7693.1,50522.62,384202783.3
4/25/2020,7505,7705,7431.07,7538.67,43874.43,331292050.8
4/24/2020,7482.39,7615.96,7388,7505,60182.12,452118137.8
4/23/2020,7125.14,7738,7020,7482.39,102773.57,756320213.6
4/22/2020,6841.37,7156.38,6818,7125.14,61486.38,431271646.2
4/21/2020,6826.83,6940,6762,6841.37,60109.71,411800606.1
4/20/2020,7120.74,7220,6751,6826.83,90149.49,629612368.8
4/19/2020,7248.6,7266.15,7055.6,7120.74,45664.86,326485586.9
4/18/2020,7027.55,7293.08,7014.4,7248.6,49488.54,354845083.8
4/17/2020,7101.94,7148.12,6972.98,7027.55,54126.51,382334236.2
4/16/2020,6621.24,7190,6468.27,7101.94,125009.86,865277543.4
4/15/2020,6868.7,6933,6605,6621.24,61571.38,416947490.6
4/14/2020,6837.91,6978,6754.28,6868.7,69068.62,474794776.2
4/13/2020,6903.79,6903.79,6575,6837.91,96415.48,649390681.3
4/12/2020,6876.83,7177,6780,6903.79,73868.67,516235035.2
4/11/2020,6858.92,6944.3,6760,6876.83,45470.29,311699573.5
4/10/2020,7283.54,7295.75,6739.98,6858.92,104674.62,727281590.8
4/9/2020,7361.28,7371.92,7108.08,7283.54,61094.87,444741085.9
4/8/2020,7197.32,7420,7150,7361.28,76059.15,555122600.3
4/7/2020,7329.9,7459.69,7077,7197.32,103585.17,757201786.7
4/6/2020,6772.78,7355.14,6765,7329.9,118052,837357664.7
4/5/2020,6856.99,6895.54,6677.52,6772.78,49685.36,337062083
4/4/2020,6734.1,6990.41,6650.01,6856.99,71387.02,484271784.7
4/3/2020,6794.09,7048,6602.1,6734.1,104080.28,710254017.1
4/2/2020,6642.92,7198,6551,6794.09,149299.91,1014494762
4/1/2020,6410.44,6679.94,6150.11,6642.92,97500.75,618527468.8
3/31/2020,6394.38,6523.23,6321.4,6410.44,72337.6,465780496.6
3/30/2020,5881.42,6599,5857.76,6394.38,118889.55,747569726.5
3/29/2020,6236.65,6266,5866.56,5881.42,63311.63,383707122.5
3/28/2020,6359.11,6360,6024,6236.65,93159.69,577986706.1
3/27/2020,6737.36,6842.59,6261,6359.11,82914.97,551326113.9
3/26/2020,6677.43,6780,6510,6737.36,83026.56,552537189.5
3/25/2020,6744.72,6957.96,6450,6677.43,132155.73,880250736.9
3/24/2020,6467.31,6833,6371.33,6744.72,151138.01,1001890515
3/23/2020,5816.19,6600,5688,6467.31,164674.22,1015525672
3/22/2020,6186.98,6407.87,5734.01,5816.19,119115.99,722895653.5
3/21/2020,6208.36,6456.98,5860.02,6186.98,128913.67,794962136.6
3/20/2020,6162.37,6900,5670,6208.36,219298.33,1401734013
3/19/2020,5393.04,6400,5252.53,6162.37,199020.87,1164739708
3/18/2020,5312.64,5436.17,5009.37,5393.04,137127.63,719748122.5
3/17/2020,5028.97,5525,4921.45,5312.64,150089.93,793147908.3
3/16/2020,5361.3,5365.42,4442.12,5028.97,227276.92,1113690309
3/15/2020,5172.06,5940,5093.1,5361.3,139916.15,753755706.4
3/14/2020,5578.6,5640.52,5055.13,5172.06,136910.14,736651880.9
3/13/2020,4800,5955,3782.13,5578.6,402201.67,2063819541
3/12/2020,7934.52,7966.17,4410,4800,261505.61,1628590104
3/11/2020,7894.56,7980,7590,7934.52,79942.41,624465167.4
3/10/2020,7929.87,8149,7728.01,7894.56,86783.44,689700153.5
3/9/2020,8033.31,8179.31,7632.01,7929.87,116968.86,918787729.1
3/8/2020,8886.66,8886.76,8000,8033.31,77537.32,656931544.8
3/7/2020,9131.88,9188,8835,8886.66,45422.2,409983263.8
3/6/2020,9054.68,9170,8985.5,9131.88,43782.95,397598476.4
3/5/2020,8750.87,9159.42,8746.54,9054.68,58201.87,524102029.2
3/4/2020,8760.07,8848.29,8660,8750.87,35610.41,311813642.8
3/3/2020,8915.24,8919.65,8651,8760.07,49980.86,438767223.4
3/2/2020,8531.88,8965.75,8498,8915.24,54638.61,478440593.4
3/1/2020,8523.61,8750,8411,8531.88,40093.04,343204951.5
2/29/2020,8692.91,8790,8523.55,8523.61,33946.24,294303059.7
2/28/2020,8823.21,8900,8445,8692.91,63915.27,553072839.5
2/27/2020,8785.25,8971.77,8531,8823.21,64744.22,569020533.9
2/26/2020,9315.84,9377.44,8633.63,8785.25,81913.46,738703381
2/25/2020,9656.13,9675,9250,9315.84,49267.24,466601727.8
2/24/2020,9936.4,9990,9473.56,9656.13,49996.67,485727423.9
2/23/2020,9650.86,9990,9645,9936.4,34442.06,339649718.7
2/22/2020,9677.05,9709.17,9560.02,9650.86,23022.78,221985357.4
2/21/2020,9596.42,9755.51,9550.21,9677.05,38430.85,371982905
2/20/2020,9593.79,9699,9400,9596.42,54231.78,519348208.8
2/19/2020,10164.71,10250,9350,9593.79,49147.48,488101944.4
2/18/2020,9706,10250,9576.01,10164.71,63790.89,629501237.5
2/17/2020,9917.27,9964.16,9452.67,9706,63050.14,610248386.2
2/16/2020,9904.72,10050,9638.12,9917.27,54058.8,533803667
2/15/2020,10344.36,10375,9801,9904.72,38225.68,386941941.1
2/14/2020,10229.63,10381.56,10111.37,10344.36,43024.5,441284907.1
2/13/2020,10326.46,10500,10080,10229.63,70225.77,721834854
2/12/2020,10223.08,10450,10223.08,10326.46,55160.49,569404621.3
2/11/2020,9851.83,10323.59,9700,10223.08,56258.38,563151083.5
2/10/2020,10151.75,10188,9756,9851.83,53866.71,533579979.9
2/9/2020,9895.05,10166,9880.75,10151.75,39817.75,401252974.2
2/8/2020,9813.73,9940,9667.11,9895.05,39960.5,392070766.8
2/7/2020,9772,9885,9730,9813.73,40374.42,395553053.5
2/6/2020,9612.04,9862.57,9526.35,9772,59349.94,576799852.4
2/5/2020,9197.02,9744.45,9177.22,9612.04,59261.36,560402763.4
2/4/2020,9292.24,9350,9093.01,9197.02,48880.11,450356686.6
2/3/2020,9331.51,9618.79,9234,9292.24,46211.66,432518251
2/2/2020,9384.61,9477.03,9120,9331.51,41945.81,393069356.1
2/1/2020,9352.89,9464.53,9281,9384.61,26746.06,250954187.5
1/31/2020,9513.21,9530.22,9210.01,9352.89,41761.34,390349472.8
1/30/2020,9301.53,9578,9204.44,9513.21,55439.48,520899545.9
1/29/2020,9374.21,9449.24,9216,9301.53,49045.52,458185206.4
1/28/2020,8907.57,9400,8862.4,9374.21,67139.07,609032042.2
1/27/2020,8615,9000,8535,8907.57,49052.91,430022719.1
1/26/2020,8340.58,8618.13,8293.66,8615,28775.88,243966731.8
1/25/2020,8439,8451.26,8254.9,8340.58,23704.04,197715892.4
1/24/2020,8404.52,8528.02,8238,8439,37915.34,318243231.3
1/23/2020,8682.36,8691.81,8306.39,8404.52,43503.83,368015973.5
1/22/2020,8736.03,8818,8590,8682.36,26606.87,231150378.6
1/21/2020,8642.35,8789,8488,8736.03,33291.5,288321139.9
1/20/2020,8701.7,8746.99,8521.28,8642.35,35807.9,309740988.5
1/19/2020,8915.96,9198.98,8466,8701.7,63049.82,556820241.6
1/18/2020,8913.28,8988.88,8806.38,8915.96,35353.75,314671064.9
1/17/2020,8720.01,9041.65,8672.44,8913.28,64388.51,571745481.4
1/16/2020,8821.41,8859.81,8586,8720.01,47421.64,412049423.4
1/15/2020,8810.01,8916.48,8564,8821.41,76661.43,672219490.6
1/14/2020,8110.34,8880,8105.54,8810.01,107343.57,920676991.4
1/13/2020,8184.98,8196,8055.89,8110.34,28881.44,234189183.3
1/12/2020,8020.01,8197,7960,8184.98,35192.02,285515916.7
1/11/2020,8197.02,8286.34,8003.16,8020.01,50145.37,407130953.8
1/10/2020,7817.76,8199,7672,8197.02,74805.42,592502799.3
1/9/2020,8055.98,8055.98,7750,7817.76,58498.62,461938364.9
1/8/2020,8145.28,8455,7870,8055.98,100231.74,824509605.4
1/7/2020,7758,8207.68,7723.71,8145.28,81794.92,649686677.7
1/6/2020,7358.75,7795.34,7346.76,7758,49697.96,375953464.6
1/5/2020,7354.11,7495,7318,7358.75,34999.35,260108976.8
1/4/2020,7344.96,7404,7272.21,7354.11,27821.23,203985069.8
1/3/2020,6965.71,7405,6871.04,7344.96,61732.73,446708892.2
1/2/2020,7200.85,7212.5,6924.74,6965.71,28711.23,203113593.6
1/1/2020,7195.23,7255,7175.15,7200.85,15863.73,114510187
12/31/2019,7246,7320,7145.01,7195.23,24256.85,175254678.7
12/30/2019,7388.24,7408.24,7220,7246,27565.74,201597036.8
12/29/2019,7316.14,7528.45,7288,7388.24,29020.09,214230169.8
12/28/2019,7254.74,7365.01,7238.67,7316.14,25071.48,183325442.7
12/27/2019,7202,7275.86,7076.42,7254.74,30768.07,221540289.1
12/26/2019,7204.63,7435,7157.12,7202,33167.16,240801175.8
12/25/2019,7255.77,7271.77,7128.86,7204.63,25457.83,183604082.8
12/24/2019,7317.09,7436.68,7157.04,7255.77,39505.57,288361632.7
12/23/2019,7501.44,7695.38,7265.84,7317.09,60987.27,457728969.9
12/22/2019,7132.75,7518.54,7122.47,7501.44,35292.5,257466562.3
12/21/2019,7187.83,7190.58,7105,7132.75,18190.18,129946909.3
12/20/2019,7150.3,7220,7079.5,7187.83,29759.82,212871398.4
12/19/2019,7277.83,7380,7038.31,7150.3,50624.1,362421773.7
12/18/2019,6623.82,7440,6435,7277.83,85595.89,585228255.8
12/17/2019,6891.72,6942.21,6560,6623.82,48961.97,331013406.3
12/16/2019,7118.59,7150,6836,6891.72,39497.8,276979882.7
12/15/2019,7064.05,7200.3,7008.35,7118.59,24422.47,173388488.8
12/14/2019,7258.48,7271.77,7012,7064.05,27222.69,194322690
12/13/2019,7198.08,7309.05,7190.76,7258.48,25590.86,185220243.8
12/12/2019,7210,7295,7080.3,7198.08,38744.76,278210361
12/11/2019,7224.13,7275.5,7125.66,7210,27874.05,201092209.9
12/10/2019,7338.64,7407.6,7157.1,7224.13,45187.19,330005517.3
12/9/2019,7510.11,7650,7273,7338.64,42385.3,315932460.7
12/8/2019,7488.21,7564,7374.86,7510.11,27712.74,207276549.7
12/7/2019,7527.47,7619.62,7470.16,7488.21,29505.47,221999827.1
12/6/2019,7389,7590.03,7305,7527.47,44263.35,327777514.6
12/5/2019,7194.32,7485,7150,7389,54542.99,399811623.8
12/4/2019,7292.71,7750,7067,7194.32,75289.06,550966803.5
12/3/2019,7294.28,7400,7241.35,7292.71,30874.84,225746865.3
12/2/2019,7390.89,7420.56,7151.1,7294.28,42953.43,313290088.2
12/1/2019,7541.89,7541.89,7210,7390.89,55963.07,411216078.9
11/30/2019,7739.68,7810,7441,7541.89,43649.46,333265298.1
11/29/2019,7419.49,7850,7362.3,7739.68,55883.83,425900041.9
11/28/2019,7508.52,7643,7360,7419.49,52819.31,396692521
11/27/2019,7156.14,7655,6840,7508.52,83809.93,608828576.2
11/26/2019,7109.57,7340,7017.48,7156.14,60968.73,435622913.5
11/25/2019,6903.28,7377.69,6515,7109.57,108525.89,754412574.3
11/24/2019,7311.57,7330.39,6861,6903.28,62299.87,442318585.4
11/23/2019,7268.23,7344.48,7080.01,7311.57,47009.84,339596066.1
11/22/2019,7627.74,7750,6790,7268.23,112866.99,818575809.3
11/21/2019,8098.01,8134.73,7500,7627.74,53008.6,413133154.8
11/20/2019,8133.64,8264.29,8038.4,8098.01,30269.17,245542079.6
11/19/2019,8187.17,8218.63,8003,8133.64,40268.68,326811716.6
11/18/2019,8502.4,8503.52,8060,8187.17,39467.55,329185066.7
11/17/2019,8491.02,8635,8350.68,8502.4,24922.3,212250256.8
11/16/2019,8471.73,8543,8400,8491.02,19627.54,166423651.5
11/15/2019,8646.68,8790,8400,8471.73,42189.03,361320610.3
11/14/2019,8777.12,8800,8582.6,8646.68,30941.25,268210060.8
11/13/2019,8821.94,8844.99,8702,8777.12,25115.33,220199619.9
11/12/2019,8733.27,8888,8567.6,8821.94,37072.73,323934400.7
11/11/2019,9039.47,9072.32,8618.68,8733.27,41436.65,364270120.4
11/10/2019,8809.41,9147.19,8750,9039.47,31595.96,282028213
11/9/2019,8773.73,8880,8724.88,8809.41,27538.74,242717611.1
11/8/2019,9216.2,9261,8696,8773.73,56517.43,505609298.4
11/7/2019,9339.05,9375,9101,9216.2,28015.56,258787229.6
11/6/2019,9308.66,9440.91,9250.01,9339.05,34728.86,324254783.4
11/5/2019,9393.35,9454.95,9175.76,9308.66,42441.58,395605737.7
11/4/2019,9194.71,9513.68,9115.84,9393.35,42370.15,393950088.1
11/3/2019,9289.52,9362.57,9066.14,9194.71,25927.76,238575220.4
11/2/2019,9231.61,9373.74,9186.21,9289.52,26942.52,249752424.2
11/1/2019,9140.85,9279,9030,9231.61,40389.64,369467414.6
10/31/2019,9154.72,9405,8913,9140.85,49351.8,452162782.3
10/30/2019,9407.62,9409.84,9001.01,9154.72,50546.99,463555705.3
10/29/2019,9205.14,9550,9072,9407.62,58413.16,546851683.1
10/28/2019,9529.93,9902.1,9160,9205.14,72463.52,686169012.5
10/27/2019,9230,9794.98,9074.34,9529.93,85188.44,805559741.5
10/26/2019,8655.02,10060.21,8470.38,9230,94762.42,870703558.5
10/25/2019,7412.41,8706.07,7361,8655.02,64574.69,516465760.5
10/24/2019,7466.62,7503.68,7337.99,7412.41,30453.61,226438628.5
10/23/2019,8020,8047.59,7300,7466.62,57616.2,440228028.5
10/22/2019,8197.27,8297.99,8000,8020,32201.47,263517970.8
10/21/2019,8223.35,8333,8142.03,8197.27,28093,230762589.8
10/20/2019,7948.01,8297,7870,8223.35,31537.66,253740748.4
10/19/2019,7947.01,8098.1,7866.92,7948.01,24740.87,196888320.2
10/18/2019,8070.58,8115,7816.01,7947.01,28525.23,226487425.8
10/17/2019,7991.74,8124.92,7929.03,8070.58,27658.8,222282154.6
10/16/2019,8159.29,8181.16,7917,7991.74,31904.36,256827673.5
10/15/2019,8348.2,8403,8090,8159.29,30284.28,250195564.4
10/14/2019,8275.01,8388.85,8203,8348.2,27678.74,229828173.2
10/13/2019,8300.09,8451.37,8160,8275.01,25627,213726841.1
10/12/2019,8258.5,8400,8250,8300.09,20013.51,166663251.4
10/11/2019,8558.03,8779.51,8212.38,8258.5,45745.61,385175739.8
10/10/2019,8560.74,8644,8414.52,8558.03,36145.28,308412477.8
10/9/2019,8168.39,8670,8115,8560.74,50082.36,421071103
10/8/2019,8190.09,8325,8088.75,8168.39,32771.99,268701596.4
10/7/2019,7854.25,8299.92,7762,8190.09,47887.48,386089591.7
10/6/2019,8126.19,8153.87,7785,7854.25,31757.23,252282865
10/5/2019,8137.13,8183.41,8012.98,8126.19,20640.68,167001607.9
10/4/2019,8223.96,8232.41,8005,8137.13,24696.12,200851365
10/3/2019,8359.94,8393,8060,8223.96,28207.53,231589725.9
10/2/2019,8292.44,8373.91,8151.22,8359.94,24413.16,201237637.5
10/1/2019,8289.34,8500,8173.05,8292.44,40153.56,335252267.5
9/30/2019,8043.82,8337.26,7710,8289.34,51182.65,411517221.3
9/29/2019,8198.81,8229.13,7890,8043.82,29234.18,235105957.7
9/28/2019,8177.91,8315,8001.09,8198.81,32066.02,261065454.8
9/27/2019,8063.73,8265,7852.15,8177.91,40365.1,324537958.6
9/26/2019,8430.05,8465.99,7750,8063.73,61361.29,499478544.7
9/25/2019,8493.14,8730,8215.64,8430.05,55315.95,466357349.7
9/24/2019,9702.25,9794.99,8290.51,8694.23,41725.81,392194281.6
9/23/2019,10028.87,10049.99,9615.77,9702.25,29213.2,287640571.9
9/22/2019,9986.39,10089,9853.97,10028.87,20301.99,202683535.9
9/21/2019,10168.59,10176.7,9900,9986.39,18952.99,190086138.7
9/20/2019,10244.29,10281,10061.39,10168.59,23318.96,237217066.9
9/19/2019,10156.99,10325,9653,10244.29,41061.71,410110429
9/18/2019,10187.82,10258.02,10100,10156.99,22586.72,230086616.1
9/17/2019,10251.31,10275,10128.01,10187.82,21294.63,217408000
9/16/2019,10302.01,10355,10078,10251.31,26872.29,274873865.1
9/15/2019,10335.02,10360,10252.15,10302.01,17051.39,175594782.6
9/14/2019,10342.06,10419.99,10222.33,10335.02,22083.2,228166802.5
9/13/2019,10415.01,10439,10153,10342.06,28070.03,288910051.2
9/12/2019,10158.33,10448.81,10040.1,10415.01,32225.25,329961214.6
9/11/2019,10098.15,10293,9880,10158.33,29837.91,300337746.1
9/10/2019,10303.12,10384.99,9953,10098.15,26992.76,274796103.9
9/9/2019,10381.18,10480,10068.5,10303.12,37323.98,383906446
9/8/2019,10455.88,10592.5,10208,10381.18,22178.93,231134800.4
9/7/2019,10298.73,10558,10288.57,10455.88,26197.19,272829558.1
9/6/2019,10564.49,10905.87,10150,10298.73,53706.62,569923965.4
9/5/2019,10567.02,10900,10450,10564.49,30904.84,326332027
9/4/2019,10615.28,10799,10369.89,10567.02,40545.84,427677459
9/3/2019,10340,10773,10272,10615.28,43957.34,463005116.3
9/2/2019,9724.98,10450,9712.5,10340,41457.04,415332936.9
9/1/2019,9587.47,9830,9520,9724.98,18309.15,176584928.4
8/31/2019,9584.54,9684.51,9420.75,9587.47,16193.23,155146259.2
8/30/2019,9498.44,9696,9350.41,9584.54,25085.2,239190866.8
8/29/2019,9721,9724,9320,9498.44,32797.84,311851907.6
8/28/2019,10185.05,10299,9601.01,9721,38610.66,385261332.5
8/27/2019,10372.25,10391.08,10051.08,10185.05,26355.67,268512030.4
8/26/2019,10142.69,10604,10137.93,10372.25,38361.62,397764602.8
8/25/2019,10134.35,10333,9906.97,10142.69,24434.36,246592422
8/24/2019,10389.55,10419.42,9890,10134.35,25769.28,260543190.8
8/23/2019,10099.88,10445,10019.79,10389.55,25678.08,263492576.5
8/22/2019,10142.57,10242,9762,10099.88,31668.02,317436428.8
8/21/2019,10760.51,10804.13,9858,10142.57,43781.23,446418934.7
8/20/2019,10915.54,10949.96,10560,10760.51,30436.73,326679449.3
8/19/2019,10306.78,10930,10258.6,10915.54,34691.43,369061080.1
8/18/2019,10216.02,10500,10080,10306.78,22747.35,234692610
8/17/2019,10331.54,10465.14,10000,10216.02,26833.97,275590038
8/16/2019,10293.93,10536.03,9750,10331.54,47471.23,483608042.4
8/15/2019,10050.37,10460,9911,10293.93,34725.11,352588729.3
8/14/2019,10892.71,10897.48,9928.1,10050.37,49924.64,520584896.4
8/13/2019,11396.08,11456.16,10788.45,10892.71,30701.79,340946580.6
8/12/2019,11549.97,11577.89,11235.32,11396.08,16354.98,186502616.1
8/11/2019,11309.31,11599.98,11112.11,11549.97,24863.2,283145958.6
8/10/2019,11879.99,11985,11270,11309.31,39142.5,451950654.3
8/9/2019,11999.77,12045.68,11700,11879.99,36781.9,435691680.2
8/8/2019,11975.03,12060,11521,11999.77,47773.39,563880694.2
8/7/2019,11481.69,12141.17,11382.84,11975.03,63842.27,751757281.2
8/6/2019,11828.8,12330.7,11226.7,11481.69,69745.18,822100144.2
8/5/2019,10929.23,11937.52,10927.8,11828.8,59656.47,694027648.8
8/4/2019,10816.86,11040,10552,10929.23,36994.61,400099182.3
8/3/2019,10523.75,10904.77,10497.93,10816.86,31480.04,338863353.6
8/2/2019,10374.99,10670,10281.35,10523.75,39435.04,413105112.3
8/1/2019,10080.53,10467.86,9863.46,10374.99,38427.59,388729401.5
7/31/2019,9574.21,10109.8,9555,10080.53,36698.32,361864379
7/30/2019,9507.64,9714.28,9402,9574.21,30751.86,293800694.5
7/29/2019,9541.54,9729,9395,9507.64,26899.31,257213872.7
7/28/2019,9476.52,9594.99,9165,9541.54,27370.91,259358247.2
7/27/2019,9824,10188.66,9333,9476.52,32649.21,318024837.5
7/26/2019,9879.87,9889.98,9637,9824,19683.49,192022928.4
7/25/2019,9763.28,10175,9720.03,9879.87,35044.58,350657595.8
7/24/2019,9864.91,9937,9525,9763.28,40201.05,390717391.2
7/23/2019,10340.31,10343.97,9822,9864.91,43700.7,439075342.4
7/22/2019,10589.45,10683.16,10100,10340.31,37396.36,389148527.8
7/21/2019,10740.23,10817.9,10288,10589.45,35913.86,378882277.6
7/20/2019,10504.29,11068.99,10350,10740.23,43505.28,464614040.4
7/19/2019,10627.16,10769.71,10121.84,10504.29,51296.32,535193155.6
7/18/2019,9667.92,10788,9252,10627.16,72758.54,731997592.1
7/17/2019,9439.59,9957,9060,9667.92,76851.7,732485975.7
7/16/2019,10838.72,11028,9350.01,9439.59,87204.22,881856938.5
7/15/2019,10174.18,11100,9860,10838.72,74379.9,772595531.8
7/14/2019,11355.76,11452,10103,10174.18,65592.98,703580672.4
7/13/2019,11757.22,11799.98,10830,11355.76,49185.81,556934215.7
7/12/2019,11342.89,11885,11073,11757.22,51706.88,596600067
7/11/2019,12108.37,12111.73,11000,11342.89,79149.22,911270591.4
7/10/2019,12543.41,13147.08,11569,12108.37,98461.1,1234817289
7/9/2019,12238.6,12794.73,12068,12543.41,71968.89,895385000.1
7/8/2019,11406.24,12338.03,11220,12238.6,47820.5,566740812.1
7/7/2019,11256.49,11538,11094.37,11406.24,36004.78,406877786
7/6/2019,10970.73,11665,10964.51,11256.49,47363.72,538340879.6
7/5/2019,11145.67,11406.83,10796.44,10970.73,58437.08,649273951
7/4/2019,11940,12000,11055,11145.67,60649.46,707664152.4
7/3/2019,10842.85,11991.89,10841.04,11940,87772.38,995193543.8
7/2/2019,10624.93,10938.75,9727,10842.85,99213.02,1021975623
7/1/2019,10854.1,11282.28,10030,10624.93,82471.39,881875766.9
6/30/2019,11903.13,12180,10766.03,10854.1,77205.72,887571779.6
6/29/2019,12400.63,12441.54,11475.02,11903.13,63232.82,752724243.2
6/28/2019,11329.99,12480,10982.88,12400.63,86558.62,1020820777
6/27/2019,13299.99,13347.99,10525.1,11329.99,138662.72,1622958316
6/26/2019,11820.86,13964.74,11741,12666.45,99314.94,1273660223
6/25/2019,11056.59,11850,11026,11820.86,56154.67,639404855.6
6/24/2019,10906.07,11143.63,10620.8,11056.59,39940.55,435340224.2
6/23/2019,10729.5,11392.64,10555.18,10906.07,52581.13,572220190.9
6/22/2019,10159.86,11160,9921.72,10729.5,94759.31,1011481805
6/21/2019,9517.12,10174.99,9517.12,10159.86,46590.64,456586005.2
6/20/2019,9255.49,9590,9175.2,9517.12,32120,300773682.1
6/19/2019,9081.55,9304,8960,9255.49,29859.81,272896676.3
6/18/2019,9313.96,9336.36,8950,9081.55,48158.99,439353122.1
6/17/2019,8953.33,9444,8950,9313.96,44294.61,408347176.9
6/16/2019,8808.7,9333,8760,8953.33,57848.65,524860629.7
6/15/2019,8650,8864.99,8567.63,8808.7,29573.08,257105509.9
6/14/2019,8218.54,8684.41,8144.32,8650,36987.67,309591286.1
6/13/2019,8127.64,8309.82,8010.03,8218.54,28621.28,233346870.4
6/12/2019,7884.9,8200,7788.99,8127.64,38855.34,311272490.3
6/11/2019,7982.75,8010,7692.23,7884.9,28578.92,224265423.1
6/10/2019,7628.13,8020,7511,7982.75,34292,267862714.9
6/9/2019,7893.62,7935,7506.66,7628.13,29536.44,228303163
6/8/2019,7980.53,8044.65,7751,7893.62,21204.89,167582198.7
6/7/2019,7786.7,8100,7737.49,7980.53,31779.24,251966444.9
6/6/2019,7776.5,7868.13,7444.58,7786.7,34197.03,263492654.4
6/5/2019,7687.03,7896.7,7572.78,7776.5,45638.79,354060083.5
6/4/2019,8115.82,8115.82,7481.02,7687.03,68681.2,539348756.2
6/3/2019,8725.98,8800.95,8080.8,8115.82,41950.41,355526981
6/2/2019,8544.07,8814.78,8524,8725.98,26036.64,225804902.4
6/1/2019,8555,8626,8442.36,8544.07,29819.78,254607933.4
5/31/2019,8269.54,8594,8108.5,8555,42002.51,350865326.4
5/30/2019,8645.68,9074.26,8005,8269.54,64399.1,552147446.6
5/29/2019,8715.64,8750,8406.6,8645.68,31678.55,273154083.4
5/28/2019,8756.32,8798.49,8510.63,8715.64,29271.88,254693083.9
5/27/2019,8614.43,8908.32,8589,8756.32,48130.74,419875265.2
5/26/2019,8025.41,8740,7833.42,8614.43,45563.09,375747926.7
5/25/2019,7964.87,8091.8,7908.34,8025.41,26723.83,213847946.4
5/24/2019,7851.51,8130,7766,7964.87,43030.86,342424683.9
5/23/2019,7628.43,7940.98,7461,7851.51,45812.94,352067587.6
5/22/2019,7904.87,8016,7465,7628.43,44932.03,351894913.4
5/21/2019,7938.15,8042.32,7771,7904.87,48176.42,381015932.7
5/20/2019,8148.48,8156.03,7553,7938.15,60143.13,472989540.4
5/19/2019,7257.45,8275.09,7243.08,8148.48,60083.99,474429840
5/18/2019,7355.26,7458,7156.61,7257.45,34487.27,252367651.5
5/17/2019,7866.59,7925,6913,7355.26,79962.44,581754609.4
5/16/2019,8169.87,8320,7705,7866.59,63794.9,510407943.1
5/15/2019,7947.56,8249,7850,8169.87,34731.71,279783874.7
5/14/2019,7790.71,8366,7599.56,7947.56,70462.03,562251187.8
5/13/2019,6967.31,8100,6870,7790.71,77581.62,585457013.2
5/12/2019,7076.22,7521.78,6750,6967.31,78631.74,560694099.5
5/11/2019,6373.33,7343.99,6372.85,7076.22,67682.9,463621315.3
5/10/2019,6209.18,6468.92,6172,6373.33,34420.48,217853632.6
5/9/2019,5987.29,6224.55,5983.71,6209.18,26099.02,159232038.6
5/8/2019,5846.34,6014.72,5772.2,5987.29,21715.92,128246328.6
5/7/2019,5747.79,5988,5747.74,5962.16,16169.61,95544203.42
5/6/2019,5775.62,5805,5619.14,5747.79,23734.53,135669094
5/5/2019,5829.45,5839.9,5696,5775.62,22600.15,130593216.9
5/4/2019,5772.69,5900,5587.45,5829.45,37187.2,214568525.7
5/3/2019,5492.87,5844,5477.57,5772.69,42758.75,244199361.1
5/2/2019,5383.2,5538,5370,5492.87,21609.98,118022034.8
5/1/2019,5320.81,5402,5316.2,5383.2,16414.57,87894939.98
4/30/2019,5238.14,5339.98,5192.15,5320.81,21159.12,111616040.6
4/29/2019,5307.52,5332,5178.8,5238.14,18749.14,98677587.22
4/28/2019,5295.69,5340,5259.48,5307.52,13696.93,72698846.21
4/27/2019,5314.1,5342.5,5257.67,5295.69,14797.5,78433878.76
4/26/2019,5219.9,5510,5161.62,5314.1,45512.58,241599143.8
4/25/2019,5415,5491.84,5102,5219.9,46048.68,246080114.2
4/24/2019,5493.31,5582.2,5333.35,5415,44561.97,242563528.1
4/23/2019,5357.14,5600,5332.41,5493.31,38259.59,210611717.1
4/22/2019,5256.14,5400,5208.35,5357.14,27894.99,147775807.7
4/21/2019,5291.73,5314.35,5165,5256.14,23874.51,125164014.5
4/20/2019,5258.68,5333.42,5230.1,5291.73,18295.89,96728480.31
4/19/2019,5258.44,5320,5175,5258.68,23278.77,121954993.7
4/18/2019,5202.82,5287,5198.8,5258.44,21480.81,112603955.3
4/17/2019,5173.72,5230.4,5146.8,5202.82,21987.23,114118850.6
4/16/2019,5024.95,5197.72,5003.94,5173.72,22808.7,116255208.5
4/15/2019,5131.3,5167.38,4950,5024.95,27252.83,138545876.2
4/14/2019,5045.22,5152.99,5000,5131.3,17426.87,88260470.74
4/13/2019,5048.01,5099,5004,5045.22,16562.14,83686653.62
4/12/2019,5017.37,5080.58,4861.22,5048.01,31219.92,156210764.1
4/11/2019,5308.25,5332.67,4927,5017.37,50271.11,255269789.7
4/10/2019,5150,5422,5135,5308.25,37063.21,194991190
4/9/2019,5236.9,5238.4,5076.68,5150,31781.31,163857659.4
4/8/2019,5170.27,5305,5039,5236.9,46325.63,240502788.4
4/7/2019,5043.89,5234,5026,5170.27,35027.71,179636564.3
4/6/2019,5004.95,5205,4928.59,5043.89,38455.22,194175873.5
4/5/2019,4898.66,5028.22,4880.62,5004.95,37248.36,185131241.1
4/4/2019,4932.6,5039.08,4777,4898.66,56271.11,277808062.4
4/3/2019,4857.29,5275.01,4753.5,4932.6,98509.76,492096758
4/2/2019,4144.56,4897.99,4140.54,4857.29,94625.11,439057063
4/1/2019,4103.95,4158.7,4067,4144.56,23934.61,98897382.91
3/19/2019,3987.81,4002.99,3983.14,3998.9,943.68,3770271.68
3/18/2019,3981.14,4037,3953.33,3987.81,21381.83,85249694.91
3/17/2019,4005.98,4012,3950.01,3981.14,18102.89,72063019.54
3/16/2019,3923.76,4056.98,3921.98,4005.98,26886.25,107497618.6
3/15/2019,3877.12,3939.22,3872.2,3923.76,20766.29,81114891.34
3/14/2019,3866,3920,3810.43,3877.12,25316.25,97969538.78
3/13/2019,3882.73,3893.56,3840,3866,23349.97,90381736.59
3/12/2019,3871.61,3905.2,3826.06,3882.73,25517.64,98954297.4
3/11/2019,3916.82,3936.98,3830,3871.61,35945.48,139488437.9
3/10/2019,3943.04,3943.43,3881.69,3916.82,22134.42,86575687.94
3/9/2019,3864.89,3971.75,3854.75,3943.04,29345.08,114942454.6
3/8/2019,3873.64,3932,3800,3864.89,32646.03,126907648.3
3/7/2019,3861.84,3905.4,3840.4,3873.64,25223.89,97813042.1
3/6/2019,3857.73,3907,3813.09,3861.84,23217.87,89407898.27
3/5/2019,3715.3,3877.1,3703.55,3857.73,30814.57,116787730.3
3/4/2019,3807.75,3830,3670.69,3715.3,32609.38,121780238.8
3/3/2019,3819.93,3835,3781.32,3807.75,15984.76,60995557.62
3/2/2019,3823,3841.31,3772.25,3819.93,18494.08,70548329.53
3/1/2019,3813.69,3857,3813.01,3823,22279.3,85419292.59
2/28/2019,3818.07,3888,3763.87,3813.69,30671.7,117459044.7
2/27/2019,3809.23,3838.85,3677.17,3818.07,29414.85,111687755.6
2/26/2019,3827.92,3841.51,3777,3809.23,27290.26,104034920.1
2/25/2019,3743.56,3872.66,3740,3827.92,36041.94,137427517.2
2/24/2019,4117.76,4198,3712.66,3743.56,57263.85,224883719.8
2/23/2019,3962,4162.02,3933.15,4117.76,31093.41,125401353.3
2/22/2019,3937.31,3988,3926.65,3962,22768.18,90091055.39
2/21/2019,3969.74,4016.48,3901.03,3937.31,29171.27,115083645.2
2/20/2019,3907.79,3986.98,3870.66,3969.74,34310.79,135108358
2/19/2019,3898.6,3994.52,3856,3907.79,46824.36,183807678.8
2/18/2019,3667.58,3925,3655,3898.6,59288.85,224852810.2
2/17/2019,3618.41,3700.11,3604.4,3667.58,24263.28,88228964.53
2/16/2019,3602.47,3648.18,3597.91,3618.41,18663.59,67623931.31
2/15/2019,3590.56,3653.23,3573.45,3602.47,19769.69,71300223.62
2/14/2019,3609.4,3626.4,3568.11,3590.56,20761.21,74794370.44
2/13/2019,3631.46,3670,3591.75,3609.4,24611.21,89139062.5
2/12/2019,3631.05,3667.6,3582.34,3631.46,27762.12,100548787.8
2/11/2019,3680.06,3684.9,3615.53,3631.05,23745.31,86333971.26
2/10/2019,3665.18,3684.99,3609.76,3680.06,22082.81,80442931.34
2/9/2019,3659.04,3680.02,3625.13,3665.18,23735.25,86743521.43
2/8/2019,3398.4,3733.58,3373.1,3659.04,42214.12,149907760.6
2/7/2019,3405.37,3426.45,3390,3398.4,17480.03,59571238.69
2/6/2019,3471.59,3482.72,3380,3405.37,31770.65,108428107
2/5/2019,3463.22,3478.97,3448.43,3471.59,23887.57,82723836.65
2/4/2019,3458.11,3484.88,3433.31,3463.22,22042.4,76254597.8
2/3/2019,3504.77,3511.09,3426,3458.11,18877.23,65376524.31
2/2/2019,3462.07,3526.4,3440.29,3504.77,16992.58,58911316.57
2/1/2019,3434.1,3488,3401.2,3462.07,23916.44,82446163.33
1/31/2019,3458.18,3489.2,3418.8,3434.1,27928.55,96152449.61
1/30/2019,3411.04,3478,3387.1,3458.18,22692.88,78125806.13
1/29/2019,3434.15,3443.45,3349.92,3411.04,27562.68,93813988.41
1/28/2019,3550.84,3557.75,3381.5,3434.15,37359.71,128787569.3
1/27/2019,3565.25,3579,3486,3550.84,20433.19,72613676.69
1/26/2019,3565.29,3662.94,3545,3565.25,17673.42,63344444.71
1/25/2019,3569.62,3587.15,3522.51,3565.29,16546.4,58864938.78
1/24/2019,3552.82,3589,3529.22,3569.62,19692.71,70006296.01
1/23/2019,3570.93,3607.98,3514.5,3552.82,23071.74,82165371.55
1/22/2019,3526.9,3608.5,3446.69,3570.93,25231.55,89395437.4
1/21/2019,3539.28,3559.51,3485.04,3526.9,18434.38,65059626.45
1/20/2019,3665.3,3693.73,3475,3539.28,23551.29,84251226.23
1/19/2019,3594.87,3720,3594.23,3665.3,18624.79,68293032.66
1/18/2019,3616.21,3619.99,3565.75,3594.87,21672.42,77956595.66
1/17/2019,3591.84,3634.7,3533.44,3616.21,27614.97,99041752.72
1/16/2019,3553.06,3645,3543.51,3591.84,25757.79,92324270.78
1/15/2019,3626.09,3648.42,3518.44,3553.06,30770.45,110721208.2
1/14/2019,3476.81,3671.87,3467.02,3626.09,31190.38,111116129.2
1/13/2019,3583.13,3611.1,3444.28,3476.81,22754.41,80130875.79
1/12/2019,3601.31,3618.19,3531.06,3583.13,20541.52,73689073.67
1/11/2019,3585.88,3658,3526.98,3601.31,34260.22,123044676.4
1/10/2019,3966.65,3996.01,3540,3585.88,47895.41,178756130.9
1/9/2019,3955.13,4006.81,3930.04,3966.65,27503.63,109315054.9
1/8/2019,3975.45,4067.66,3922,3955.13,34365.46,136737939.1
1/7/2019,3987.6,4017.9,3921.53,3975.45,29452.09,117221283.7
1/6/2019,3770.96,4027.71,3740,3987.6,32566.9,126593889.7
1/5/2019,3792.01,3840.99,3751,3770.96,28675.53,108993305.9
1/4/2019,3766.78,3823.64,3703.57,3792.01,27721.3,104281819
1/3/2019,3858.56,3862.74,3730,3766.78,27461.97,104293179.8
1/2/2019,3797.14,3882.14,3750.45,3858.56,33035.13,125781952.9
1/1/2019,3702.9,3810.16,3642,3797.14,22043.98,81818002.59
12/31/2018,3801.91,3810,3637.78,3702.9,27000,100763786.7
12/30/2018,3695.32,3903.5,3657.9,3801.91,30282.17,113873648.5
12/29/2018,3839.26,3892,3670,3695.32,34488.38,131634641.8
12/28/2018,3567.91,3887.25,3540.04,3839.26,40839.17,151406617
12/27/2018,3777.74,3813.98,3535,3567.91,40266.32,147943217.9
12/26/2018,3745.79,3837.15,3656.74,3777.74,39961.75,149732459.7
12/25/2018,4008.01,4020,3646.41,3745.79,56383.4,211665332.9
12/24/2018,3929.71,4198,3924.83,4008.01,58403.15,239128837.6
12/23/2018,3948.91,4021.53,3870,3929.71,37881.01,149909406.6
12/22/2018,3838.66,3979,3785,3948.91,40231.99,155073329.6
12/21/2018,4049.62,4139.99,3764,3838.66,75158.54,297414584.8
12/20/2018,3662.22,4120,3635,4049.62,89802.98,353522264.5
12/19/2018,3652.98,3912.73,3622.55,3662.22,85810.88,321352553.6
12/18/2018,3509.08,3678.59,3424.47,3652.98,56798.2,200359773.2
12/17/2018,3228.67,3585,3216,3509.08,59026.9,202235081.9
12/16/2018,3211.72,3294,3186,3228.67,23376.74,76001723.18
12/15/2018,3224.17,3276.5,3156.26,3211.72,28287.18,90753503.7
12/14/2018,3302.06,3335,3177,3224.17,40946.18,133564459.4
12/13/2018,3445,3460,3255.5,3302.06,37471.7,126209442.5
12/12/2018,3380.39,3492,3350,3445,31471.86,107823027.7
12/11/2018,3432.88,3463.5,3324.32,3389.69,33394.16,113264068.9
12/10/2018,3545.37,3610,3370.11,3432.88,37581.44,130691360.7
12/9/2018,3410.93,3658,3394.04,3545.37,41424.25,145607074.8
12/8/2018,3403.55,3495,3276.47,3410.93,50131.6,170227499.7
12/7/2018,3508.75,3549.99,3224.6,3403.55,83526.75,282816671.3
12/6/2018,3769.84,3899.99,3500,3508.75,58566.12,218397171.3
12/5/2018,3951.64,3970,3745,3769.84,40324.34,155318420.1
12/4/2018,3884.01,4085,3785.94,3951.64,43819.45,173269898.3
12/3/2018,4161.01,4179,3827.02,3884.01,43575.4,173213815.7
12/2/2018,4190.02,4312.99,4103.04,4161.01,36617.34,153308532.3
12/1/2018,4041.32,4299.99,3963.01,4190.02,41538.32,172412131.9
11/30/2018,4295.84,4341.36,3943,4053.09,61088.09,251530358.1
11/29/2018,4264.85,4450.38,4125.65,4295.84,67935.45,290872551.6
11/28/2018,3875.21,4394.47,3874.27,4264.85,82187.35,341820074.5
11/27/2018,3862.2,3940,3689.12,3875.21,62299.14,237845870.2
11/26/2018,4085.78,4206,3701,3862.2,84761.59,335099625.7
11/25/2018,3932.44,4233,3652.66,4085.78,89041.61,348653386.3
11/24/2018,4420.61,4527,3824.69,3932.44,52612.04,221518598.3
11/23/2018,4370,4484,4222.94,4420.61,45007.85,196337635.7
11/22/2018,4661.07,4721.77,4335,4370,31617.81,144312768.2
11/21/2018,4558.86,4787.2,4413.85,4661.07,56391.89,259711255
11/20/2018,4910.03,5048.24,4326,4558.86,100503.22,469785894.3
11/19/2018,5662,5664,4855,4910.03,63314.09,330584758.2
11/18/2018,5628.29,5738.17,5617,5662,22864.8,129338526.2
11/17/2018,5655.94,5656.6,5565.43,5628.29,25511.48,143028990.2
11/16/2018,5753.4,5782.89,5549.25,5655.94,36665.71,207469638.5
11/15/2018,5922.41,5939.54,5403.42,5753.4,41943.86,237668666.7
11/14/2018,6457.66,6482.84,5656.87,5922.41,38778.76,233505327.3
11/13/2018,6453.07,6498,6391.15,6457.66,11198.97,72321959.6
11/12/2018,6449.81,6497,6421,6453.07,9558.74,61686559.15
11/11/2018,6433.05,6462.14,6355,6449.81,7738.64,49665474.07
11/10/2018,6419.99,6475.55,6411,6433.05,7406.31,47755415.52
11/9/2018,6479.84,6511.53,6391.01,6419.99,11145.39,71860361.29
11/8/2018,6578.46,6594,6468.22,6479.84,12284.48,80095279.63
11/7/2018,6519.11,6615.15,6509,6578.46,13205.39,86807342.57
11/6/2018,6468.99,6531.31,6445.18,6519.11,11223.92,72777315.11
11/5/2018,6485.85,6504.39,6431.02,6468.99,8479.5,54839521.39
11/4/2018,6387.09,6525,6359,6485.85,9989.26,64280718.03
11/3/2018,6433.98,6439.97,6345,6387.09,7310.55,46694322.28
11/2/2018,6410,6460.34,6388.2,6433.98,9306.69,59808495.03
11/1/2018,6371.93,6442.65,6348.66,6410,8704.28,55513599.97
10/31/2018,6330.87,6428,6245.02,6371.93,11288.16,71519794.26
10/30/2018,6344.5,6395,6317.01,6330.87,8511.93,54072418.92
10/29/2018,6489.93,6505.01,6315,6344.5,12371.58,79170939.83
10/28/2018,6505.6,6514.17,6453,6489.93,5496.14,35689511.81
10/27/2018,6538.63,6558.35,6476.18,6505.6,7049.62,45941295.7
10/26/2018,6528.09,6600,6515.01,6538.63,9179.12,60059940.66
10/25/2018,6565.5,6575.09,6502.8,6528.09,9910.04,64861696.49
10/24/2018,6553.51,6630,6547.53,6565.5,11591.53,76420164.38
10/23/2018,6581.2,6595,6515.45,6553.51,13462.11,88380390.73
10/22/2018,6590.11,6639,6535.27,6581.2,15770.56,103897094.4
10/21/2018,6588.4,6663.9,6580,6590.11,6239.58,41319056.01
10/20/2018,6528.88,6617.65,6505.55,6588.4,18944.66,124380958
10/19/2018,6618.96,6648.14,6523,6528.88,20150.2,132584941.5
10/18/2018,6740.89,6796,6567,6618.96,18985.84,127224734.3
10/17/2018,6759.27,6811.12,6676.01,6740.89,25902.71,174661338.2
10/16/2018,6755.73,6755.73,6708.49,6708.49,0,0
10/15/2018,6339.34,7600,6300,6755.73,71305.79,491227249.1
10/14/2018,6332.93,6416,6308,6339.34,15032.82,95740365.42
10/13/2018,6298.01,6345,6285.07,6332.93,18677.34,118068683.6
10/12/2018,6252.68,6360,6209,6298.01,28152.99,177661984.1
10/11/2018,6631,6633.92,6205,6252.68,45289.8,286479848.1
10/10/2018,6656.61,6659.95,6530,6631,14686.17,96963742.75
10/9/2018,6673.01,6685.38,6607,6656.61,14905.45,99126992.26
10/8/2018,6615.26,6715.6,6587,6673.01,22269.64,148015014.3
10/7/2018,6594.27,6640,6525,6615.26,16867.06,110939270.1
10/6/2018,6635.65,6651,6566.77,6594.27,10604.16,70034483.02
10/5/2018,6593.79,6697,6543.08,6635.65,15185.82,100230383.5
10/4/2018,6510,6643.46,6505.09,6593.79,19316.97,127356525.1
10/3/2018,6525.79,6549,6430,6510,27403.24,177823758.1
10/2/2018,6611.61,6640,6494,6525.79,27259.9,179259561.7
10/1/2018,6626.57,6667.09,6510,6611.61,19444.16,128365960.4
9/30/2018,6596.38,6662,6533,6626.57,27030.58,178592346.3
9/29/2018,6634.58,6636,6464.57,6596.38,29116.99,190971287.2
9/28/2018,6689.13,6814.8,6540.88,6634.58,40167.47,268266953.7
9/27/2018,6465.12,6750,6434,6689.13,31366.55,205546000.2
9/26/2018,6447.54,6557.99,6380,6465.12,32046.99,207541728.1
9/25/2018,6581.39,6584.01,6325.02,6447.54,38074.01,244602341.6
9/24/2018,6708,6730,6557,6581.39,33414.49,221830056.3
9/23/2018,6723.05,6788.23,6661.75,6708,29311.77,196932806.4
9/22/2018,6759.02,6839.03,6627,6723.05,27339.77,183725830.8
9/21/2018,6492,6784.86,6491,6759.02,47817.08,319306130.7
9/20/2018,6391.89,6540,6325,6492,23631.22,151828905.3
9/19/2018,6336.45,6517.7,6123,6391.89,34541.26,218908245.4
9/18/2018,6248.69,6390,6224.98,6336.45,31411.52,198091202.2
9/17/2018,6505,6533.84,6201,6248.69,33303.91,211888248.8
9/16/2018,6514.96,6524.62,6375.13,6505,25675.79,166422338.1
9/15/2018,6476.63,6565.45,6466.13,6514.96,24486.34,159621706
9/14/2018,6487.38,6584.99,6385.62,6476.63,34777.26,225935166.3
9/13/2018,6338.62,6535,6337.4,6487.38,38129.96,245913048.4
9/12/2018,6294.91,6360,6192.37,6338.62,30266.86,190076690.5
9/11/2018,6312,6404,6170,6294.91,31017.23,195248652.4
9/10/2018,6250.81,6373.98,6221,6312,31429.19,197824245.9
9/9/2018,6185.05,6441,6141.53,6250.81,34394.57,216780551.4
9/8/2018,6395.54,6478,6111,6185.05,34684.08,219588081.1
9/7/2018,6516.01,6544,6320,6395.54,37193,239707773.5
9/6/2018,6700,6725,6286.05,6516.01,54232.17,349174551.1
9/5/2018,7359.06,7397.3,6682,6700,57250.23,404281550.1
9/4/2018,7263.02,7409.9,7227.17,7359.06,33876.24,248511072.7
9/3/2018,7302.01,7338.28,7191.63,7263.02,30914.26,224625789.5
9/2/2018,7200.01,7345.45,7127,7302.01,37719.06,273323233
9/1/2018,7011.21,7275,7008.74,7200.01,37858.84,269659435.1
8/31/2018,6984.84,7089,6888,7011.21,38515.35,269101804.1
8/30/2018,7031.22,7063.63,6784.81,6984.84,41565.87,287626873
8/29/2018,7076.11,7133.81,6912.34,7031.22,40220.91,283327238.4
8/28/2018,6908.64,7135,6860,7076.11,44829.18,313540617.6
8/27/2018,6700,6940.51,6646.5,6908.64,34508.75,232201020.4
8/26/2018,6733.64,6775.27,6568,6700,18564.21,123840620.2
8/25/2018,6681.64,6789,6650.61,6733.64,18091.61,121496443.5
8/24/2018,6525.01,6725,6440.5,6681.64,35913.86,235813943.4
8/23/2018,6360.89,6576.99,6342.28,6525.01,38250.32,246188292
8/22/2018,6480,6882.54,6251.2,6360.89,67162.63,442016859
8/21/2018,6254.84,6500,6235.08,6480,39854.49,254469529.7
8/20/2018,6477.53,6530,6220,6254.84,46545.59,299203081.8
8/19/2018,6387.96,6541,6300,6477.53,43738.26,279949502.3
8/18/2018,6584.49,6620,6288,6387.96,50598.18,325752517.9
8/17/2018,6311.75,6585,6285.4,6584.49,54348.71,351803544.7
8/16/2018,6267.16,6480,6205.6,6311.75,45018.33,285558549.3
8/15/2018,6188.08,6609,6172.11,6267.16,61848.78,394600658
8/14/2018,6246.35,6250.33,5880,6188.08,44408.54,268258399.6
8/13/2018,6308.33,6540.1,6145.04,6246.35,50100.77,317507847.1
8/12/2018,6077.3,6077.3,6077.3,6077.3,0,0
8/11/2018,6144.01,6177,5982,6077.3,22413.41,136726013.1
8/10/2018,6529.79,6575.88,6026.39,6144.01,52332.83,332567279.8
8/9/2018,6285,6622.81,6178.6,6529.79,47729.05,305798216
8/8/2018,6720.06,6721.54,6123,6285,53301.26,342494963.8
8/7/2018,6934.82,7150.46,6670,6720.06,41214.02,287269304.5
8/6/2018,7024.19,7160,6821,6934.82,30793.32,215340256.4
8/5/2018,7009.84,7089.87,6882.29,7024.19,31146.24,217779907.4
8/4/2018,7418.78,7494.81,6926,7009.84,32996.7,238712517.3
8/3/2018,7525.71,7540,7282.44,7418.78,41280.01,305470420.6
8/2/2018,7611.64,7702.71,7455.72,7525.71,33407.69,253238243.5
8/1/2018,7730.93,7750,7430,7611.64,39394.76,298179092.9
7/31/2018,8173.92,8180,7633,7730.93,43682.43,343739655.8
7/30/2018,8211,8273,7866,8173.92,36011.52,291881176
7/29/2018,8225.04,8294.51,8115,8211,24675.06,202538475.5
7/28/2018,8188.57,8246.54,8067,8225.04,25222.34,206256401.9
7/27/2018,7920,8285,7805,8188.57,40369.01,324341394.4
7/26/2018,8175.64,8315.69,7850.06,7920,39535.19,322274225.2
7/25/2018,8397.24,8491.77,8050,8175.64,44943.17,370776686.8
7/24/2018,7721.01,8486,7696,8397.24,54851.84,444400985
7/23/2018,7394.79,7829,7375,7721.01,38041.48,292426701.7
7/22/2018,7398.78,7582.4,7335.5,7394.79,28538.74,212719876.6
7/21/2018,7337.53,7458.47,7211,7398.78,27274.39,200313325.7
7/20/2018,7466.21,7700,7273,7337.53,40701.57,302301323.5
7/19/2018,7381.9,7573.99,7270,7466.21,38217.46,282897223.8
7/18/2018,7317.44,7588.08,7225.38,7381.9,53379.35,395394487.1
7/17/2018,6723.35,7452,6652.04,7317.44,44749.42,312457623.2
7/16/2018,6353.01,6747.3,6330.4,6723.35,33547.54,219676880.6
7/15/2018,6251.99,6395,6225.4,6353.01,22302.78,141120821.5
7/14/2018,6214.57,6335,6178,6251.99,16980.84,105948150.4
7/13/2018,6250.57,6350,6110,6214.57,24233.9,151101104.4
7/12/2018,6378.07,6380.28,6070,6250.57,28442.93,176557543.4
7/11/2018,6296.91,6406,6278.99,6378.07,27261.07,173124986.8
7/10/2018,6662.12,6681,6263,6296.91,35210.77,227537376.9
7/9/2018,6712.1,6802.06,6612.24,6662.12,24981.94,167524258.7
7/8/2018,6756.98,6780,6668,6712.1,23296.28,157024170.3
7/7/2018,6609.78,6818.16,6508.88,6756.98,21978.78,144751086.7
7/6/2018,6529.2,6648.54,6425,6609.78,27529.34,180019371.3
7/5/2018,6586.98,6700,6453.78,6529.2,32443.55,213525835.3
7/4/2018,6513.86,6784.92,6441.11,6586.98,21412.98,141968661.2
7/3/2018,6615.29,6679.35,6463.01,6513.86,35198.66,231799827
7/2/2018,6356.81,6685,6271.62,6615.29,33026.95,214590129
7/1/2018,6390.07,6441.06,6251,6356.81,25719.81,163403693.2
6/30/2018,6197.92,6528.99,6186.03,6390.07,35066.33,223364691.1
6/29/2018,5853.98,6300,5780,6197.92,30874.03,183154912.3
6/28/2018,6133.73,6173.01,5827,5853.98,28898.22,175103059.1
6/27/2018,6070.78,6190.43,5971,6133.73,18233.86,111061529.9
6/26/2018,6252,6272.54,6035,6070.78,17954.65,110930092.4
6/25/2018,6136.97,6350,6080,6252,36191.98,224423378.2
6/24/2018,6149.98,6259.8,5750,6136.97,41296.18,247156010.1
6/23/2018,6045,6260,6008.48,6149.98,25275.69,154505308.6
6/22/2018,6718.84,6733.97,5918.94,6045,46190.22,290191631.3
6/21/2018,6761.51,6795,6672.57,6718.84,24610.33,165641459.1
6/20/2018,6741.21,6817.23,6551.81,6761.51,24856.17,165916535.4
6/19/2018,6712.46,6841.74,6653,6741.21,23242.74,156224462.4
6/18/2018,6449.61,6794.37,6380,6712.46,29675.51,194424208.2
6/17/2018,6483.98,6589.03,6422,6449.61,19251.31,125243769.6
6/16/2018,6388.9,6560,6320.86,6483.98,21157.78,136535324.2
6/15/2018,6635.98,6666.66,6362.31,6388.9,28128.53,183865198.4
6/14/2018,6292.78,6720,6260,6635.98,40272.35,261601191.9
6/13/2018,6530,6627.6,6118.68,6292.78,41763.12,267223119.5
6/12/2018,6872,6890.51,6435,6530,33509.64,224464654.9
6/11/2018,6764.99,6922,6610,6872,32459.41,218937664.1
6/10/2018,7491.73,7491.73,6622.81,6764.99,46345.2,325423841.7
6/9/2018,7603.44,7683.98,7450,7491.73,18385.98,139964329.1
6/8/2018,7691.08,7703.5,7531,7603.44,21943.48,167167412.8
6/7/2018,7658.84,7765,7620,7691.08,24050.89,185165404.4
6/6/2018,7625,7699,7467.05,7658.84,25975.09,197476363.7
6/5/2018,7487,7679.49,7358,7625,28444.14,212968435
6/4/2018,7714.26,7760.52,7446.5,7487,30103.36,227846884.1
6/3/2018,7640.03,7786.69,7600,7714.26,25954.74,199793084.6
6/2/2018,7521.01,7697.33,7437,7640.03,25360.71,193032336.6
6/1/2018,7485.01,7608.55,7355.54,7521.01,26661.71,199516324.3
5/31/2018,7375.96,7651.01,7327.51,7485.01,28617.57,214754893
5/30/2018,7461.29,7569,7260.5,7375.96,29974.32,222637229.1
5/29/2018,7099,7540,7032.95,7461.29,36056.86,263433748.2
5/28/2018,7338.99,7437,7058.02,7099,25174.08,182005249
5/27/2018,7333.96,7400,7231.11,7338.99,17587.31,128534332.1
5/26/2018,7457,7620,7300,7333.96,18281.18,136765852.5
5/25/2018,7575.01,7649.55,7308.15,7457,24785.5,185181707.5
5/24/2018,7501.95,7730.73,7266.99,7575.01,34515.84,259309003.9
5/23/2018,7977.11,8031.9,7425,7501.95,38947.89,300728157.7
5/22/2018,8381.24,8400.18,7935.11,7977.11,22045.73,180764898.6
5/21/2018,8526.98,8589,8305,8381.24,19998.32,168922210.2
5/20/2018,8233.49,8609,8163.9,8526.98,18721.24,157025535.6
5/19/2018,8239.81,8390.8,8095.73,8233.49,16146.96,133258118.8
5/18/2018,8041.46,8273.21,7911.9,8239.81,21838.33,176654119.5
5/17/2018,8330,8464,7979,8041.46,22070.3,181809439.2
5/16/2018,8462,8488,8083.01,8330,26918.99,222292813.5
5/15/2018,8663.34,8859.99,8401.3,8462,24109.53,207836593
5/14/2018,8679.71,8879.99,8277,8663.34,33985.62,291335226.7
5/13/2018,8465.94,8763.36,8299.49,8679.71,23839.79,204132126.4
5/12/2018,8400,8646.88,8153,8465.94,37239.64,312714296.3
5/11/2018,9002.2,9016.8,8341,8400,43341.84,376368170
5/10/2018,9310,9395.12,8970,9002.2,23030.82,212986751.5
5/9/2018,9187.56,9390,8965,9310,24142.49,221729195
5/8/2018,9365,9475.7,9060.54,9184,23665.43,219174766.6
5/7/2018,9659.01,9689.67,9181,9365,31217.86,292016773.9
5/6/2018,9864,9970,9417.03,9659.01,25845.38,249566350.7
5/5/2018,9713.99,10020,9682,9864,23037.14,227505648.5
5/4/2018,9750,9830.04,9520.85,9713.99,26514.27,256627305.9
5/3/2018,9247.84,9844,9168.4,9750,35823.63,338059066.6
5/2/2018,9071.48,9268,8970.2,9247.84,24261.11,221413701.2
5/1/2018,9246.01,9248.99,8800.49,9071.48,37420.61,336365913
4/30/2018,9419,9458.64,9124.99,9246.01,32200.03,299028368.4
4/29/2018,9348,9570.51,9163.74,9419,35323.73,330606890.2
4/28/2018,8915.35,9427.48,8870,9348,32021.91,296312657
4/27/2018,9266,9395,8889,8915.35,34350.82,316235224.8
4/26/2018,8869.99,9307.48,8651.62,9266,39468.03,351025916.3
4/25/2018,9619.99,9759.82,8730,8869.99,72185.81,663301389.2
4/24/2018,8934.01,9731.01,8922,9622.02,42239.31,393760680.3
4/23/2018,8787.02,8985,8745,8934.01,24369.66,216695602.1
4/22/2018,8915.31,9020.67,8727.68,8787.02,27128.97,241115120.9
4/21/2018,8856.98,9035,8565,8915.31,37486.38,329192462.2
4/20/2018,8278,8930,8177.09,8856.98,35930.64,304403855.4
4/19/2018,8173,8296,8080,8278,25235.04,207252921.3
4/18/2018,7885.02,8236.43,7868,8173,24598.08,198521796.6
4/17/2018,8064.92,8173.7,7825.4,7885.02,29361.86,235852589.9
4/16/2018,8355,8419,7867,8064.92,32793.47,264557257.9
4/15/2018,7999.01,8429.54,7999.01,8355,25387.49,209153533.4
4/14/2018,7877.41,8186,7810,7999.01,29396.9,235088878
4/13/2018,7923,8233.39,7732,7877.41,48966.27,391304308.7
4/12/2018,6953.79,8000.63,6743.2,7923,52462.81,391576360.8
4/11/2018,6843.9,6990,6787,6953.79,22782.18,156882280.2
4/10/2018,6782.72,6890,6656,6843.9,20936.25,141981066.1
4/9/2018,7018,7185,6611,6782.72,30915.42,212708114
4/8/2018,6895.8,7109.13,6880,7018,20313.27,142160303
4/7/2018,6601.39,7070,6586.28,6895.8,30015.34,206848291.1
4/6/2018,6770.76,6850,6500,6601.39,25462.58,168941382.8
4/5/2018,6796.1,6902,6566.69,6770.76,36076.98,243522299.4
4/4/2018,7405.21,7427.52,6707,6796.1,38576.06,271762021.3
4/3/2018,7056,7520,7011.01,7405.21,35371.14,259350620
4/2/2018,6813.01,7125,6765,7056,29932.66,209015725.6
4/1/2018,6923.91,7049.98,6430,6813.01,40263.37,271822911.4
3/31/2018,6840.23,7223.36,6777,6923.91,34014.7,238337082.3
3/30/2018,7090.14,7292.43,6600.28,6840.23,58906.55,406204676.1
3/29/2018,7949.3,7975,6941.11,7090.14,49271.03,366308942.6
3/28/2018,7795.51,8109,7728,7949.3,24866.87,197013957.1
3/27/2018,8134.23,8215.94,7730,7795.51,34554.36,274766866.1
3/26/2018,8470.15,8514.89,7831,8134.23,39920.48,325068375.4
3/25/2018,8546.86,8669.85,8365.77,8470.15,27184.64,231558043.9
3/24/2018,8898.03,8999.95,8491,8546.86,33068.56,292115106.5
3/23/2018,8722.9,8909,8269,8898.03,36943,314807017.1
3/22/2018,8885,9100,8465.1,8722.9,37296.04,325879518.9
3/21/2018,8909.98,9177.01,8750.6,8885,36819.81,329967659
3/20/2018,8600,9050,8280,8909.98,41477.45,358510959.9
3/19/2018,8189.99,8705.23,8088.4,8600,49737.89,416044378.7
3/18/2018,7824.8,8317.4,7322,8189.99,52990.19,407852577.5
3/17/2018,8260,8348.62,7721.99,7824.8,30758.47,247093598.1
3/16/2018,8240.98,8611.64,7900,8260,35584.81,295498666.9
3/15/2018,8170,8430,7650,8240.98,46635.96,376409062.3
3/14/2018,9150,9333.78,7900.28,8170,44449.41,381421226.1
3/13/2018,9131.34,9474,8823,9150,36864.04,336975582.5
3/12/2018,9533.57,9888.88,8780,9131.22,37368.44,350201106
3/11/2018,8770.22,9739.18,8450,9533.57,40514.46,368669127.2
3/10/2018,9227,9490,8667.07,8770.22,34235.3,314238528.8
3/9/2018,9271.64,9410,8329,9227,58314.31,515973505
3/8/2018,9910,10099,9060,9271.64,37156.84,357077859.4
3/7/2018,10716.48,10899,9389.31,9910,42833.84,436485902.6
3/6/2018,11454,11455,10555.48,10716.48,27488.54,301579838.6
3/5/2018,11515,11710,11415.01,11454,14276.07,164842361.9
3/4/2018,11464.48,11565,11050.02,11515,16252.37,183077663.6
3/3/2018,11039,11544,11015.01,11464.48,20044.83,227643824.4
3/2/2018,10920,11200,10770,11039,22326.97,245510927.6
3/1/2018,10326.76,11060.41,10240,10920,23394.5,249999978.3
2/28/2018,10569.04,11098,10300,10326.76,28318.19,301441703.6
2/27/2018,10324,10870,10121,10569.04,28490.63,300873597.3
2/26/2018,9590,10444.32,9350,10324,31829.46,317014732.3
2/25/2018,9694.51,9847,9274.8,9590,26646.08,254779432.4
2/24/2018,10131.04,10496.97,9352,9694.51,37601.32,372931768.8
2/23/2018,9811.04,10435,9570.19,10131.04,51699.13,516764021.3
2/22/2018,10437.6,10933.44,9679,9812,60160.28,612036600.1
2/21/2018,11200.99,11304.03,10200,10437.6,60698.11,651841861.3
2/20/2018,11153,11786.01,11100.59,11200.99,42976.9,492456688.4
2/19/2018,10383.43,11250,10270.33,11153,35933.51,391174895.8
2/18/2018,11039.55,11274,10080,10388.87,55159.58,585967908.5
2/17/2018,10159.98,11075.07,10050,11039.55,38435.94,409295505.6
2/16/2018,10000.09,10323.37,9666,10159.98,35216.36,351711951.6
2/15/2018,9449.99,10219.5,9301.5,10000.09,47105.76,460450305
2/14/2018,8539.9,9489.6,8533,9449.99,37166.09,336986708.9
2/13/2018,8903,8950,8351,8539.9,32588.8,280503054.4
2/12/2018,8063.88,8989,8053,8903,38398.92,331452261.1
2/11/2018,8533.98,8549,7726.53,8063.88,41338.22,336875418.5
2/10/2018,8683.92,9065.78,8120,8533.98,45048.99,386317864.6
2/9/2018,7784.02,8738,7784.02,8683.92,19100.17,161661446.3
2/8/2018,7599,7844,7572.09,7784.02,1376.8,10650673.29
2/7/2018,7652.14,8476,7150.01,7599,55738.8,438333474.3
2/6/2018,6939.99,7878,6000.01,7652.14,88573.43,604827192.5
2/5/2018,8184.81,8382.8,6625,6939.99,56551.1,420763927.5
2/4/2018,9199.96,9368,7930,8184.81,29653.19,254787385.8
2/3/2018,8873.03,9473.01,8229,9199.96,26861.87,240167216.7
2/2/2018,9224.52,9250,8010.02,8873.03,45683.92,397058595.5
2/1/2018,10285.1,10335,8750.99,9224.52,31291.48,296173911.6
1/31/2018,10237.51,10425.85,9700,10285.1,16790.52,169313511.9
1/30/2018,11251,11308.42,9900,10237.51,23705.37,249665473.2
1/29/2018,11879.95,11975.02,11139.55,11251,13396.35,153252830.3
1/28/2018,11498.31,12244,11408,11879.95,15989.57,189553059.8
1/27/2018,11089,11650,10842.69,11498.31,17752.21,200163218.6
1/26/2018,11175.27,11643,10311.15,11089,30454.62,332169294.2
1/25/2018,11349.99,11794.05,10950.21,11175.27,19534.52,221289230.7
1/24/2018,10799.18,11570.48,10500,11350,25385.61,279916563.6
1/23/2018,10760.05,11399,9905,10799.18,34576.61,368525859.1
1/22/2018,11530,11926.35,9900.24,10760.05,40200.74,437390092.8
1/21/2018,12799.94,12799.94,10965,11530,38198.74,448157252.1
1/20/2018,11474.98,13099,11412.45,12799.94,26892.43,335176241
1/19/2018,10961.97,11795,10360,11474.98,31725.06,355886069.5
1/18/2018,10988.79,11878.82,10435.33,10961.97,44630.41,498574673.2
1/17/2018,10900,11680.99,9037.94,10988.79,65739.97,676511397.2
1/16/2018,13539.93,13542.93,9035,10900,57782.94,659175459.3
1/15/2018,13474.99,14249.99,12781.09,13539.93,13478.7,184658025
1/14/2018,14210,14339.5,12569.2,13474.99,16068.86,213957978
1/13/2018,13740.01,14580,13706.15,14210,11761.21,166566234.5
1/12/2018,13238.78,14109.78,12500,13740.01,15623.63,211765973.4
1/11/2018,14907.09,14968.68,11400,13238.78,30583.29,407402825.9
1/10/2018,14400,14955.66,13131.31,14907.09,15923.89,223156647.2
1/9/2018,14902.54,15500,14011.05,14400,13116.63,193055091.7
1/8/2018,16150.03,16322.3,12812,14902.54,22021.1,327290494.6
1/7/2018,17069.79,17099.96,15610,16150.03,9055.69,149393171.9
1/6/2018,16960.39,17143.13,16011.21,17069.79,14467.86,241040112.3
1/5/2018,15059.54,17176.24,14400,16960.39,21727.09,344841184.3
1/4/2018,14919.51,15280,13918.04,15059.54,20701.32,303572711.5
1/3/2018,14675.11,15307.56,14150,14919.51,15324.48,227499526.8
1/2/2018,13380,15473.49,12890.02,14675.11,19323.86,269079153.3
1/1/2018,13716.36,13818.55,12750,13387,8229.99,109742453.9
12/31/2017,12440.01,14050.11,12149.98,13716.36,11185.03,147593919.7
12/30/2017,14378.9,14398.85,11750,12440.01,18048.22,232723365.5
12/29/2017,14182.11,14981,13850,14378.9,17529.86,253095687.2
12/28/2017,15459.99,15539.99,13150,14182.11,20542.86,287041200.3
12/27/2017,15689.01,16498.05,14200.15,15459.99,14346,221786512.5
12/26/2017,13699.34,16050,13533,15689.01,14518.35,217044138.3
12/25/2017,13500,14300,12708,13699.34,15309.82,207213890.2
12/24/2017,13300,13819.99,11640,13500,27308.43,349823587.6
12/23/2017,13326.61,14950,12978.18,13300,12442.98,174977207.8
12/22/2017,15492.64,15699.34,10961,13326.61,33474.46,443587826.3
12/21/2017,16488.98,17309.5,14022,15492.64,19677.98,310221579.9
12/20/2017,17295.2,17720.35,14777.66,16488.98,12787.63,210427471.1
12/19/2017,18856.25,18950,16300,17295.2,12628.02,222678979.8
12/18/2017,18860.02,19300,17029.98,18856.25,10280.98,190057336.9
12/17/2017,19102.66,19798.68,18510,18860.02,8980.73,172113390.5
12/16/2017,17539.83,19539,17190.01,19102.66,4118.28,74736577.26
12/15/2017,16334.98,17991,16298.45,17539.83,8999.13,156645098.6
12/14/2017,16033.29,16445,15450,16334.98,11220.26,179714368.7
12/13/2017,16349.99,16546,14666.56,16033.29,12216.88,193659309.9
12/12/2017,16587.97,16976.45,15875,16349.99,9309.36,153618681.2
12/11/2017,14899.98,17470,14899.98,16587.97,11632.79,189991754.6
12/10/2017,14656.07,15720.12,12368,14899.98,16107.43,227450819.9
12/9/2017,15880,16269.3,12535,14656.07,13725,202610478.6
12/8/2017,16599,17204.99,14015,15880,17344.04,267790028.5
12/7/2017,13550.05,16649.96,13050,16599,7262.95,106276261.2
12/6/2017,11699.99,13615.23,11665.58,13550.05,6556.68,82493149.76
12/5/2017,11579,11853,11447.68,11699.99,5510.92,64256817.15
12/4/2017,11165.41,11600,10802,11579,4599.15,52088059.28
12/3/2017,10890.01,11825,10500,11165.41,5212.23,58847089.26
12/2/2017,10782.99,11190,10620,10890.01,4700.93,51343786.05
12/1/2017,9838.96,10898,9380,10782.99,6033.85,61238619.44
11/30/2017,9687.88,10900,8850.8,9838.96,9181.76,89443707.91
11/29/2017,9896.8,11300.03,8520,9687.88,13041.92,132892125.4
11/28/2017,9650,9939,9570.5,9896.8,4877.07,47842436.8
11/27/2017,9128.02,9654.28,9112.04,9650,4473.98,42510408.37
11/26/2017,8700.01,9350,8604.72,9128.02,4108.18,36788798.23
11/25/2017,8138,8734.78,8090,8700.01,4228.66,35557462.89
11/24/2017,8019.99,8369,7850,8138,4331.83,35190695.02
11/23/2017,8205.92,8260,8000,8019.99,4054.54,33078791.97
11/22/2017,8119.51,8322.68,8091.09,8205.92,3518.81,28909672.15
11/21/2017,8212,8400,7801,8119.51,4468.09,36459262.83
11/20/2017,8038,8319.99,7954,8212,3857,31325904.01
11/19/2017,7761.94,8123.15,7650.33,8038,3845.99,30155811.14
11/18/2017,7699.19,7819.99,7422,7761.94,3912.88,30018085.64
11/17/2017,7864.5,7989,7451,7699.19,3893.14,30331551.17
11/16/2017,7240.06,7940,7076,7864.5,2294.2,17218742.72
11/15/2017,6574.99,7298,6574.99,7240.06,1745.83,12209260.29
11/14/2017,6465.99,6684.98,6311.07,6574.99,1228.66,8002218.02
11/13/2017,5811.03,6697.47,5699.99,6465.99,2543.41,16021297.87
11/12/2017,6245.05,6630,5325.01,5811.03,4854.44,29032268.06
11/11/2017,6506.98,6797.98,6100,6245.05,2685.67,17244601.14
11/10/2017,7079.99,7279.91,6255.01,6506.98,3186.23,21622898.73
11/9/2017,7303,7392,7015,7079.99,1893.28,13654254.41
11/8/2017,7064.04,7770,6651,7303,2726.84,19801967.39
11/7/2017,6960.12,7198.49,6901,7064.04,1421.75,10043061.88
11/6/2017,7345.01,7401,6906,6960.12,1741.45,12518224.29
11/5/2017,7357.09,7590.25,7279.02,7345.01,1192.58,8887109.79
11/4/2017,7115.04,7480.99,6901,7357.09,1385.7,9967485.56
11/3/2017,7019.98,7346.34,6923,7115.04,1857.73,13371961.76
11/2/2017,6753.98,7300,6685.1,7019.98,2459.59,17065694.69
11/1/2017,6463,6774.67,6338.02,6753.98,1659.85,10848260.96
10/31/2017,6120.5,6498.01,6100,6463,1498.91,9405855.26
10/30/2017,6169.98,6248.68,6030,6120.5,1467.03,8989412.91
10/29/2017,5719.64,6189.88,5648.01,6169.98,1783.44,10494670.52
10/28/2017,5768.83,5850.02,5630.03,5719.64,1269.38,7265286.61
10/27/2017,5861.77,5980,5649.24,5768.83,1394.13,8110889.65
10/26/2017,5689.99,5939.99,5650,5861.77,1959.75,11340558.63
10/25/2017,5477.03,5704.96,5286.98,5689.99,2256.1,12398533.97
10/24/2017,5915.93,5925,5450,5477.03,2555.89,14426687.47
10/23/2017,5950.02,6080,5621.03,5915.93,1788.86,10468709.39
10/22/2017,6024.97,6060,5720.03,5950.02,1347.95,7951487.14
10/21/2017,6010.01,6171,5850.03,6024.97,1650.65,10031910.73
10/20/2017,5683.9,6110,5600,6010.01,1930.56,11235714.66
10/19/2017,5512.06,5710,5490.26,5683.9,1869.04,10537781.67
10/18/2017,5595,5596,5037.95,5512.06,2295.6,12337122.76
10/17/2017,5760.02,5774.98,5508.63,5595,1422.23,7998644.63
10/16/2017,5709.99,5788.91,5585.19,5760.02,1516.11,8628528.43
10/15/2017,5869.99,5922.3,5400.01,5709.99,1329.45,7474934.37
10/14/2017,5649.98,5900,5580.01,5869.99,966.19,5507933.89
10/13/2017,5430,5846.17,5379.84,5649.98,1865.9,10519034.83
10/12/2017,4821.43,5439.99,4810.16,5430,1267.18,6610146
10/11/2017,4783.06,4881.61,4710,4821.43,736.72,3529503.87
10/10/2017,4786.95,4960,4680.59,4783.06,1036.4,5011470.95
10/9/2017,4640,4889.98,4550,4786.95,639.27,3006465.77
10/8/2017,4423,4658,4423,4640,504.13,2282412.29
10/7/2017,4369,4479.5,4312.56,4423,288.14,1261367.6
10/6/2017,4292.43,4417,4292,4369,502.17,2193131.64
10/5/2017,4208.59,4355,4110,4292.43,760.44,3216620.42
10/4/2017,4310,4373,4142,4208.59,859.82,3639917
10/3/2017,4380,4467.33,4180.8,4310,1070.97,4579122.09
10/2/2017,4378.48,4561.63,4360,4380,634.55,2811131.03
10/1/2017,4378.51,4406.52,4240.04,4378.48,724.9,3128231.71
9/30/2017,4174.69,4380,4138.1,4378.51,705.52,3025265.75
9/29/2017,4174.5,4263.86,3952.01,4174.69,1561.22,6403068.39
9/28/2017,4193,4300,4101,4174.5,839.55,3510052.09
9/27/2017,3882.35,4249.94,3872.81,4193,625.3,2542872.29
9/26/2017,3920.75,3976.99,3850.05,3882.35,523.31,2047857.28
9/25/2017,3660.02,3979.87,3653.69,3920.75,720.64,2755957.53
9/24/2017,3780,3789.99,3622.76,3660.02,659.82,2439045.2
9/23/2017,3595.87,3817.19,3542.91,3780,747.79,2781158.57
9/22/2017,3609.99,3750,3505.55,3595.87,833.3,3011224.81
9/21/2017,3900,3910,3567,3609.99,971.06,3642671.89
9/20/2017,3910.04,4046.08,3820,3900,719.59,2834260.05
9/19/2017,4035.01,4089.97,3830.91,3910.04,898.81,3544361.84
9/18/2017,3699.99,4123.2,3690,4035.01,1027.67,4059703.98
9/17/2017,3714.95,3748.21,3499.02,3699.99,676.16,2445321.19
9/16/2017,3700,3950,3470.66,3714.95,1280.1,4739326.89
9/15/2017,3189.02,3856,2817,3700,1949.32,6525220.95
9/14/2017,3944.69,3993,3165.13,3189.02,1642.54,5831847.65
9/13/2017,4163.72,4165.38,3760,3944.69,901.25,3522155.98
9/12/2017,4208.47,4394.59,4040.8,4163.72,873.9,3700789.23
9/11/2017,4130.37,4334.43,4098.91,4208.47,685.57,2895733.88
9/10/2017,4258.81,4283,3801,4130.37,648.94,2653218.2
9/9/2017,4282.8,4426.62,4150.06,4258.81,658.59,2814560.35
9/8/2017,4691.61,4735.39,4028.93,4282.8,1108.34,4764005.93
9/7/2017,4619.77,4788.59,4438.19,4691.61,481.83,2219664.92
9/6/2017,4366.47,4662.87,4335.26,4619.77,779.5,3500735.96
9/5/2017,4100.11,4484.99,3603,4366.47,1175.2,4863148.22
9/4/2017,4509.08,4527.49,3972.51,4100.11,1309.91,5550545.61
9/3/2017,4472.14,4714.76,4298.33,4509.08,666.62,3011023.5
9/2/2017,4834.91,4939.19,4286.87,4472.14,888.18,4072965.36
9/1/2017,4724.89,4885.55,4654.88,4834.91,554.18,2634056.29
8/31/2017,4555.14,4745.42,4555.14,4724.89,550.18,2548384.43
8/30/2017,4587.48,4647.51,4416.01,4555.14,790.13,3600737.68
8/29/2017,4386.69,4625.85,4313.55,4587.48,594.12,2640584.83
8/28/2017,4310.01,4399.82,4124.54,4386.69,593.15,2546618.75
8/27/2017,4337.44,4400,4285.54,4310.01,347.47,1507589.96
8/26/2017,4280.68,4367,4212.41,4337.44,225.76,967753.32
8/25/2017,4316.01,4453.91,4247.48,4280.68,563.36,2440323.79
8/24/2017,4114.01,4371.68,4085.01,4316.01,770.46,3225405.8
8/23/2017,4040,4265.8,4013.89,4114.01,980.5,4062506.52
8/22/2017,4016,4104.82,3400,4040,939.91,3648726.5
8/21/2017,4086.29,4119.62,3911.79,4016,685.12,2770592.06
8/20/2017,4139.98,4211.08,4032.62,4086.29,463.54,1915636.35
8/19/2017,4108.37,4184.69,3850,4139.98,371.15,1508239.39
8/18/2017,4285.08,4371.52,3938.77,4108.37,1178.07,4994493.56
8/17/2017,4469.93,4485.39,4200.74,4285.08,647.86,2812379.11
